"year","scenario","Aluminum","Cement","Steel"
2025,"IRA",427577.337507287,296124.173204313,1391806.99821595
2025,"Ref",355248.627992162,18340.4764931613,678622.523884114
2030,"IRA",860968.652911629,1965842.23412703,5681343.41695654
2030,"Ref",376917.555767029,861324.658562885,2488000.22429702
2035,"IRA",774142.46733498,1443129.31137665,4430722.71407716
2035,"Ref",358839.93230914,507935.835907436,1716714.56478185
