"year","scenario","Aluminum","Cement","Steel"
2025,"IRA",426415.234048603,296124.173204313,1404037.51279846
2025,"Ref",356182.544788964,18340.4764931613,668793.55132855
2030,"IRA",847168.648520935,1965842.23412703,5826581.04935301
2030,"Ref",370874.877445146,861324.658562885,2551596.16730959
2035,"IRA",764419.747673602,1443129.31137665,4533049.11514885
2035,"Ref",355671.173986843,507935.835907436,1750064.04376299
