"year","scenario","Aluminum","Cement","Steel"
2025,"IRA",608750.213816317,1669090.95507005,4751203.66253145
2025,"REF",562771.098653732,1652878.03634346,4633519.90591229
2030,"IRA",2524612.35447562,6922062.74753064,19704205.9140549
2030,"REF",2166145.47535919,2336184.47161081,8995701.86580127
2035,"IRA",7353880.87818738,6493095.90423379,27384385.7979304
2035,"REF",2042415.99828973,1843766.97067818,7694166.44454988
