"year","scenario","Aluminum","Cement","Steel"
2025,"IRA",620799.169239052,1669090.95507005,4624394.87980174
2025,"REF",574819.981956092,1652878.03634346,4506711.88221077
2030,"IRA",2574581.77433436,6922062.74753064,19178304.6152551
2030,"REF",2179170.20484198,2336184.47161081,8858623.58530729
2035,"IRA",7386198.12085778,6493095.90423379,27044264.1807086
2035,"REF",2051725.62997373,1843766.97067818,7596187.57251572
