"year","scenario","Cu","Cement","Steel","Aluminum","Glass"
"2025","IRA",266.923155320606,165960.697062756,4418.536456338,870.859915618197,71.0090841492527
"2025","REF",230.882243944165,143552.094977909,3821.92998866315,753.273320321167,61.4211856933412
"2030","IRA",909.215560473968,565308.948245133,15050.7815472159,2966.39452400473,241.876970793181
"2030","REF",387.414042966918,240876.459539315,6413.09320088977,1263.97187371114,103.063057023275
"2035","IRA",1457.81166912629,906401.09698921,24132.0165677368,4756.23684890755,387.819001174379
"2035","REF",357.517918044005,222288.406638013,5918.20500838185,1166.43317649168,95.1098449917527
