"year","scenario","Cu","Concrete","Steel","Aluminum"
"2025","IRA",266923.155320606,15904566.8151013,4418536.456338,870859.915618197
"2025","Ref",230882.243944165,13757075.7801805,3821929.98866315,753273.320321167
"2030","IRA",909215.560473969,54175440.9186381,15050781.5472159,2966394.52400473
"2030","Ref",387414.042966918,23083994.058421,6413093.20088977,1263971.87371114
"2035","IRA",1457811.66912629,86863438.5338521,24132016.5677368,4756236.84890755
"2035","Ref",357517.918044005,21302638.9872284,5918205.00838185,1166433.17649168
